id;title;description;date;status
1;mobile Fish;Home Loan Account Table Computer;2019-06-19T06:43:11;false
2;seamless Metal deposit;Producer;2019-06-18T12:08:07;true
3;Electronics;Soap methodology Albania;2019-06-18T21:44:49;false
4;Namibia;Steel zero administration;2019-06-18T23:19:16;false
5;Licensed Savings Account;Cambridgeshire Mississippi;2019-06-19T06:59:56;true
6;Yuan Renminbi Centers;Factors;2019-06-18T08:56:19;true
7;envisioneer Music Public-key;infomediaries;2019-06-19T05:11:05;true
8;backing up Salad;Digitized invoice;2019-06-19T00:37:57;false
9;sky blue Georgia;Facilitator;2019-06-18T13:30:38;false
10;e-enable Communications capacitor;Awesome;2019-06-19T03:24:36;true
